Company Name,Industry,Symbol,Series,ISIN Code,BSE_Ticker,Ticker
3M India Ltd.,Diversified,3MINDIA,EQ,INE470A01017,523395,3MINDIA.NS
ABB India Ltd.,Capital Goods,ABB,EQ,INE117A01022,500002,ABB.NS
ACC Ltd.,Construction Materials,ACC,EQ,INE012A01025,500410,ACC.NS
AIA Engineering Ltd.,Capital Goods,AIAENG,EQ,INE212H01026,532683,AIAENG.NS
APL Apollo Tubes Ltd.,Capital Goods,APLAPOLLO,EQ,INE702C01027,533758,APLAPOLLO.NS
AU Small Finance Bank Ltd.,Financial Services,AUBANK,EQ,INE949L01017,540611,AUBANK.NS
Aarti Drugs Ltd.,Healthcare,AARTIDRUGS,EQ,INE767A01016,524348,AARTIDRUGS.NS
Aarti Industries Ltd.,Chemicals,AARTIIND,EQ,INE769A01020,524208,AARTIIND.NS
Aavas Financiers Ltd.,Financial Services,AAVAS,EQ,INE216P01012,541988,AAVAS.NS
Abbott India Ltd.,Healthcare,ABBOTINDIA,EQ,INE358A01014,500488,ABBOTINDIA.NS
Adani Enterprises Ltd.,Metals & Mining,ADANIENT,EQ,INE423A01024,512599,ADANIENT.NS
Adani Green Energy Ltd.,Power,ADANIGREEN,EQ,INE364U01010,541450,ADANIGREEN.NS
Adani Ports and Special Economic Zone Ltd.,Services,ADANIPORTS,EQ,INE742F01042,532921,ADANIPORTS.NS
Adani Total Gas Ltd.,Oil Gas & Consumable Fuels,ATGL,EQ,INE399L01023,542066,ATGL.NS
Adani Transmission Ltd.,Power,ADANITRANS,EQ,INE931S01010,539254,ADANITRANS.NS
Aditya Birla Capital Ltd.,Financial Services,ABCAPITAL,EQ,INE674K01013,540691,ABCAPITAL.NS
Aditya Birla Fashion and Retail Ltd.,Consumer Services,ABFRL,EQ,INE647O01011,535755,ABFRL.NS
Aditya Birla Sun Life AMC Ltd.,Financial Services,ABSLAMC,EQ,INE404A01024,543374,ABSLAMC.NS
Advanced Enzyme Tech Ltd.,Fast Moving Consumer Goods,ADVENZYMES,EQ,INE837H01020,540025,ADVENZYMES.NS
Aegis Logistics Ltd.,Oil Gas & Consumable Fuels,AEGISCHEM,EQ,INE208C01025,500003,AEGISCHEM.NS
Affle (India) Ltd.,Information Technology,AFFLE,EQ,INE00WC01027,542752,AFFLE.NS
Ajanta Pharmaceuticals Ltd.,Healthcare,AJANTPHARM,EQ,INE031B01049,532331,AJANTPHARM.NS
Alembic Pharmaceuticals Ltd.,Healthcare,APLLTD,EQ,INE901L01018,533573,APLLTD.NS
Alkem Laboratories Ltd.,Healthcare,ALKEM,EQ,INE540L01014,539523,ALKEM.NS
Alkyl Amines Chemicals Ltd.,Chemicals,ALKYLAMINE,EQ,INE150B01039,506767,ALKYLAMINE.NS
Allcargo Logistics Ltd.,Services,ALLCARGO,EQ,INE418H01029,532749,ALLCARGO.NS
Alok Industries Ltd.,Textiles,ALOKINDS,EQ,INE270A01029,521070,ALOKINDS.NS
Amara Raja Batteries Ltd.,Automobile and Auto Components,AMARAJABAT,EQ,INE885A01032,500008,AMARAJABAT.NS
Amber Enterprises India Ltd.,Consumer Durables,AMBER,EQ,INE371P01015,540902,AMBER.NS
Ambuja Cements Ltd.,Construction Materials,AMBUJACEM,EQ,INE079A01024,500425,AMBUJACEM.NS
Angel One Ltd.,Financial Services,ANGELONE,EQ,INE732I01013,543235,ANGELONE.NS
Anupam Rasayan India Ltd.,Chemicals,ANURAS,EQ,INE930P01018,543275,ANURAS.NS
Apollo Hospitals Enterprise Ltd.,Healthcare,APOLLOHOSP,EQ,INE437A01024,508869,APOLLOHOSP.NS
Apollo Tyres Ltd.,Automobile and Auto Components,APOLLOTYRE,EQ,INE438A01022,500877,APOLLOTYRE.NS
Aptus Value Housing Finance India Ltd.,Financial Services,APTUS,EQ,INE852O01025,543335,APTUS.NS
Asahi India Glass Ltd.,Automobile and Auto Components,ASAHIINDIA,EQ,INE439A01020,515030,ASAHIINDIA.NS
Ashok Leyland Ltd.,Capital Goods,ASHOKLEY,EQ,INE208A01029,500477,ASHOKLEY.NS
Asian Paints Ltd.,Consumer Durables,ASIANPAINT,EQ,INE021A01026,500820,ASIANPAINT.NS
Aster DM Healthcare Ltd.,Healthcare,ASTERDM,EQ,INE914M01019,540975,ASTERDM.NS
AstraZenca Pharma India Ltd.,Healthcare,ASTRAZEN,EQ,INE203A01020,506820,ASTRAZEN.NS
Astral Ltd.,Capital Goods,ASTRAL,EQ,INE006I01046,532830,ASTRAL.NS
Atul Ltd.,Chemicals,ATUL,EQ,INE100A01010,500027,ATUL.NS
Aurobindo Pharma Ltd.,Healthcare,AUROPHARMA,EQ,INE406A01037,524804,AUROPHARMA.NS
Avanti Feeds Ltd.,Fast Moving Consumer Goods,AVANTIFEED,EQ,INE871C01038,512573,AVANTIFEED.NS
Avenue Supermarts Ltd.,Consumer Services,DMART,EQ,INE192R01011,540376,DMART.NS
Axis Bank Ltd.,Financial Services,AXISBANK,EQ,INE238A01034,532215,AXISBANK.NS
BASF India Ltd.,Chemicals,BASF,EQ,INE373A01013,500042,BASF.NS
BSE Ltd.,Financial Services,BSE,EQ,INE118H01025,#N/A,BSE.NS
Bajaj Auto Ltd.,Automobile and Auto Components,BAJAJ-AUTO,EQ,INE917I01010,532977,BAJAJ-AUTO.NS
Bajaj Electricals Ltd,Consumer Durables,BAJAJELEC,EQ,INE193E01025,500031,BAJAJELEC.NS
Bajaj Finance Ltd.,Financial Services,BAJFINANCE,EQ,INE296A01024,500034,BAJFINANCE.NS
Bajaj Finserv Ltd.,Financial Services,BAJAJFINSV,EQ,INE918I01018,532978,BAJAJFINSV.NS
Bajaj Holdings & Investment Ltd.,Financial Services,BAJAJHLDNG,EQ,INE118A01012,500490,BAJAJHLDNG.NS
Balaji Amines Ltd.,Chemicals,BALAMINES,EQ,INE050E01027,530999,BALAMINES.NS
Balkrishna Industries Ltd.,Automobile and Auto Components,BALKRISIND,EQ,INE787D01026,502355,BALKRISIND.NS
Balrampur Chini Mills Ltd.,Fast Moving Consumer Goods,BALRAMCHIN,EQ,INE119A01028,500038,BALRAMCHIN.NS
Bandhan Bank Ltd.,Financial Services,BANDHANBNK,EQ,INE545U01014,541153,BANDHANBNK.NS
Bank of Baroda,Financial Services,BANKBARODA,EQ,INE028A01039,532134,BANKBARODA.NS
Bank of India,Financial Services,BANKINDIA,EQ,INE084A01016,532149,BANKINDIA.NS
Bank of Maharashtra,Financial Services,MAHABANK,EQ,INE457A01014,532525,MAHABANK.NS
Bata India Ltd.,Consumer Durables,BATAINDIA,EQ,INE176A01028,500043,BATAINDIA.NS
Bayer Cropscience Ltd.,Chemicals,BAYERCROP,EQ,INE462A01022,506285,BAYERCROP.NS
Berger Paints India Ltd.,Consumer Durables,BERGEPAINT,EQ,INE463A01038,509480,BERGEPAINT.NS
Bharat Dynamics Ltd.,Capital Goods,BDL,EQ,INE171Z01018,541143,BDL.NS
Bharat Electronics Ltd.,Capital Goods,BEL,EQ,INE263A01024,500049,BEL.NS
Bharat Forge Ltd.,Capital Goods,BHARATFORG,EQ,INE465A01025,500493,BHARATFORG.NS
Bharat Heavy Electricals Ltd.,Capital Goods,BHEL,EQ,INE257A01026,500103,BHEL.NS
Bharat Petroleum Corporation Ltd.,Oil Gas & Consumable Fuels,BPCL,EQ,INE029A01011,500547,BPCL.NS
Bharti Airtel Ltd.,Telecommunication,BHARTIARTL,EQ,INE397D01024,532454,BHARTIARTL.NS
Biocon Ltd.,Healthcare,BIOCON,EQ,INE376G01013,532523,BIOCON.NS
Birla Corporation Ltd.,Construction Materials,BIRLACORPN,EQ,INE340A01012,500335,BIRLACORPN.NS
Birlasoft Ltd.,Information Technology,BSOFT,EQ,INE836A01035,532400,BSOFT.NS
Blue Dart Express Ltd.,Services,BLUEDART,EQ,INE233B01017,526612,BLUEDART.NS
Blue Star Ltd.,Consumer Durables,BLUESTARCO,EQ,INE472A01039,500067,BLUESTARCO.NS
Bombay Burmah Trading Corporation Ltd.,Fast Moving Consumer Goods,BBTC,EQ,INE050A01025,501425,BBTC.NS
Borosil Renewables Ltd.,Capital Goods,BORORENEW,EQ,INE666D01022,502219,BORORENEW.NS
Bosch Ltd.,Automobile and Auto Components,BOSCHLTD,EQ,INE323A01026,500530,BOSCHLTD.NS
Brigade Enterprises Ltd.,Realty,BRIGADE,EQ,INE791I01019,532929,BRIGADE.NS
Brightcom Group Ltd.,Information Technology,BCG,BE,INE425B01027,532368,BCG.NS
Britannia Industries Ltd.,Fast Moving Consumer Goods,BRITANNIA,EQ,INE216A01030,500825,BRITANNIA.NS
C.E. Info Systems Ltd.,Information Technology,MAPMYINDIA,EQ,INE0BV301023,543425,MAPMYINDIA.NS
CCL Products (I) Ltd.,Fast Moving Consumer Goods,CCL,EQ,INE421D01022,519600,CCL.NS
CESC Ltd.,Power,CESC,EQ,INE486A01021,500084,CESC.NS
CG Power and Industrial Solutions Ltd.,Capital Goods,CGPOWER,EQ,INE067A01029,500093,CGPOWER.NS
CRISIL Ltd.,Financial Services,CRISIL,EQ,INE007A01025,500092,CRISIL.NS
CSB Bank Ltd.,Financial Services,CSBBANK,EQ,INE679A01013,542867,CSBBANK.NS
Can Fin Homes Ltd.,Financial Services,CANFINHOME,EQ,INE477A01020,511196,CANFINHOME.NS
Canara Bank,Financial Services,CANBK,EQ,INE476A01014,532483,CANBK.NS
Caplin Point Laboratories Ltd.,Healthcare,CAPLIPOINT,EQ,INE475E01026,524742,CAPLIPOINT.NS
Capri Global Capital Ltd.,Financial Services,CGCL,EQ,INE180C01026,531595,CGCL.NS
Carborundum Universal Ltd.,Capital Goods,CARBORUNIV,EQ,INE120A01034,513375,CARBORUNIV.NS
Castrol India Ltd.,Oil Gas & Consumable Fuels,CASTROLIND,EQ,INE172A01027,500870,CASTROLIND.NS
Ceat Ltd.,Automobile and Auto Components,CEATLTD,EQ,INE482A01020,500878,CEATLTD.NS
Central Bank of India,Financial Services,CENTRALBK,EQ,INE483A01010,532885,CENTRALBK.NS
Central Depository Services (India) Ltd.,Financial Services,CDSL,EQ,INE736A01011,#N/A,CDSL.NS
Century Plyboards (India) Ltd.,Consumer Durables,CENTURYPLY,EQ,INE348B01021,532548,CENTURYPLY.NS
Century Textile & Industries Ltd.,Forest Materials,CENTURYTEX,EQ,INE055A01016,500040,CENTURYTEX.NS
Cera Sanitaryware Ltd,Consumer Durables,CERA,EQ,INE739E01017,532443,CERA.NS
Chalet Hotels Ltd.,Consumer Services,CHALET,EQ,INE427F01016,542399,CHALET.NS
Chambal Fertilizers & Chemicals Ltd.,Chemicals,CHAMBLFERT,EQ,INE085A01013,500085,CHAMBLFERT.NS
Chemplast Sanmar Ltd.,Chemicals,CHEMPLASTS,EQ,INE488A01050,543336,CHEMPLASTS.NS
Cholamandalam Financial Holdings Ltd.,Financial Services,CHOLAHLDNG,EQ,INE149A01033,504973,CHOLAHLDNG.NS
Cholamandalam Investment and Finance Company Ltd.,Financial Services,CHOLAFIN,EQ,INE121A01024,511243,CHOLAFIN.NS
Cipla Ltd.,Healthcare,CIPLA,EQ,INE059A01026,500087,CIPLA.NS
City Union Bank Ltd.,Financial Services,CUB,EQ,INE491A01021,532210,CUB.NS
Clean Science and Technology Ltd.,Chemicals,CLEAN,EQ,INE227W01023,543318,CLEAN.NS
Coal India Ltd.,Oil Gas & Consumable Fuels,COALINDIA,EQ,INE522F01014,533278,COALINDIA.NS
Cochin Shipyard Ltd.,Capital Goods,COCHINSHIP,EQ,INE704P01017,540678,COCHINSHIP.NS
Coforge Ltd.,Information Technology,COFORGE,EQ,INE591G01017,532541,COFORGE.NS
Colgate Palmolive (India) Ltd.,Fast Moving Consumer Goods,COLPAL,EQ,INE259A01022,500830,COLPAL.NS
Computer Age Management Services Ltd.,Financial Services,CAMS,EQ,INE596I01012,543232,CAMS.NS
Container Corporation of India Ltd.,Services,CONCOR,EQ,INE111A01025,531344,CONCOR.NS
Coromandel International Ltd.,Chemicals,COROMANDEL,EQ,INE169A01031,506395,COROMANDEL.NS
CreditAccess Grameen Ltd.,Financial Services,CREDITACC,EQ,INE741K01010,541770,CREDITACC.NS
Crompton Greaves Consumer Electricals Ltd.,Consumer Durables,CROMPTON,EQ,INE299U01018,539876,CROMPTON.NS
Cummins India Ltd.,Capital Goods,CUMMINSIND,EQ,INE298A01020,500480,CUMMINSIND.NS
Cyient Ltd.,Information Technology,CYIENT,EQ,INE136B01020,532175,CYIENT.NS
DCM Shriram Ltd.,Diversified,DCMSHRIRAM,EQ,INE499A01024,523367,DCMSHRIRAM.NS
DLF Ltd.,Realty,DLF,EQ,INE271C01023,532868,DLF.NS
Dabur India Ltd.,Fast Moving Consumer Goods,DABUR,EQ,INE016A01026,500096,DABUR.NS
Dalmia Bharat Ltd.,Construction Materials,DALBHARAT,EQ,INE00R701025,542216,DALBHARAT.NS
Deepak Nitrite Ltd.,Chemicals,DEEPAKNTR,EQ,INE288B01029,506401,DEEPAKNTR.NS
Delta Corp Ltd.,Consumer Services,DELTACORP,EQ,INE124G01033,532848,DELTACORP.NS
Devyani International Ltd.,Consumer Services,DEVYANI,EQ,INE872J01023,543330,DEVYANI.NS
Dhani Services Ltd.,Financial Services,DHANI,EQ,INE274G01010,532960,DHANI.NS
Dilip Buildcon Ltd.,Construction,DBL,EQ,INE917M01012,540047,DBL.NS
Divi's Laboratories Ltd.,Healthcare,DIVISLAB,EQ,INE361B01024,532488,DIVISLAB.NS
Dixon Technologies (India) Ltd.,Consumer Durables,DIXON,EQ,INE935N01020,540699,DIXON.NS
Dr. Lal Path Labs Ltd.,Healthcare,LALPATHLAB,EQ,INE600L01024,539524,LALPATHLAB.NS
Dr. Reddy's Laboratories Ltd.,Healthcare,DRREDDY,EQ,INE089A01023,500124,DRREDDY.NS
E.I.D. Parry (India) Ltd.,Fast Moving Consumer Goods,EIDPARRY,EQ,INE126A01031,500125,EIDPARRY.NS
EIH Ltd.,Consumer Services,EIHOTEL,EQ,INE230A01023,500840,EIHOTEL.NS
EPL Ltd.,Capital Goods,EPL,EQ,INE255A01020,500135,EPL.NS
Easy Trip Planners Ltd.,Consumer Services,EASEMYTRIP,EQ,INE07O001018,543272,EASEMYTRIP.NS
Edelweiss Financial Services Ltd.,Financial Services,EDELWEISS,EQ,INE532F01054,532922,EDELWEISS.NS
Eicher Motors Ltd.,Automobile and Auto Components,EICHERMOT,EQ,INE066A01021,505200,EICHERMOT.NS
Elgi Equipments Ltd.,Capital Goods,ELGIEQUIP,EQ,INE285A01027,522074,ELGIEQUIP.NS
Emami Ltd.,Fast Moving Consumer Goods,EMAMILTD,EQ,INE548C01032,531162,EMAMILTD.NS
Endurance Technologies Ltd.,Automobile and Auto Components,ENDURANCE,EQ,INE913H01037,540153,ENDURANCE.NS
Engineers India Ltd.,Construction,ENGINERSIN,EQ,INE510A01028,532178,ENGINERSIN.NS
Equitas Holdings Ltd.,Financial Services,EQUITAS,EQ,INE988K01017,539844,EQUITAS.NS
Equitas Small Finance Bank Ltd.,Financial Services,EQUITASBNK,EQ,INE063P01018,543243,EQUITASBNK.NS
Eris Lifesciences Ltd.,Healthcare,ERIS,EQ,INE406M01024,540596,ERIS.NS
Escorts Ltd.,Capital Goods,ESCORTS,EQ,INE042A01014,500495,ESCORTS.NS
Exide Industries Ltd.,Automobile and Auto Components,EXIDEIND,EQ,INE302A01020,500086,EXIDEIND.NS
FDC Ltd.,Healthcare,FDC,EQ,INE258B01022,531599,FDC.NS
FSN E-Commerce Ventures Ltd.,Consumer Services,NYKAA,EQ,INE388Y01029,543384,NYKAA.NS
Federal Bank Ltd.,Financial Services,FEDERALBNK,EQ,INE171A01029,500469,FEDERALBNK.NS
Fertilisers and Chemicals Travancore Ltd.,Chemicals,FACT,EQ,INE188A01015,590024,FACT.NS
Fine Organic Industries Ltd.,Chemicals,FINEORG,EQ,INE686Y01026,541557,FINEORG.NS
Finolex Cables Ltd.,Capital Goods,FINCABLES,EQ,INE235A01022,500144,FINCABLES.NS
Finolex Industries Ltd.,Capital Goods,FINPIPE,EQ,INE183A01024,500940,FINPIPE.NS
Firstsource Solutions Ltd.,Information Technology,FSL,EQ,INE684F01012,532809,FSL.NS
Fortis Healthcare Ltd.,Healthcare,FORTIS,EQ,INE061F01013,532843,FORTIS.NS
G R Infraprojects Ltd.,Construction,GRINFRA,EQ,INE201P01022,543317,GRINFRA.NS
GAIL (India) Ltd.,Oil Gas & Consumable Fuels,GAIL,EQ,INE129A01019,532155,GAIL.NS
GMM Pfaudler Ltd.,Capital Goods,GMMPFAUDLR,EQ,INE541A01023,505255,GMMPFAUDLR.NS
Galaxy Surfactants Ltd.,Chemicals,GALAXYSURF,EQ,INE600K01018,540935,GALAXYSURF.NS
Garware Technical Fibres Ltd.,Textiles,GARFIBRES,EQ,INE276A01018,509557,GARFIBRES.NS
General Insurance Corporation of India,Financial Services,GICRE,EQ,INE481Y01014,540755,GICRE.NS
Gland Pharma Ltd.,Healthcare,GLAND,EQ,INE068V01023,543245,GLAND.NS
Glaxosmithkline Pharmaceuticals Ltd.,Healthcare,GLAXO,EQ,INE159A01016,500660,GLAXO.NS
Glenmark Life Sciences Ltd.,Healthcare,GLS,EQ,INE03Q201024,543322,GLS.NS
Glenmark Pharmaceuticals Ltd.,Healthcare,GLENMARK,EQ,INE935A01035,532296,GLENMARK.NS
Go Fashion (India) Ltd.,Consumer Services,GOCOLORS,EQ,INE0BJS01011,543401,GOCOLORS.NS
Godfrey Phillips India Ltd.,Fast Moving Consumer Goods,GODFRYPHLP,EQ,INE260B01028,500163,GODFRYPHLP.NS
Godrej Agrovet Ltd.,Fast Moving Consumer Goods,GODREJAGRO,EQ,INE850D01014,540743,GODREJAGRO.NS
Godrej Consumer Products Ltd.,Fast Moving Consumer Goods,GODREJCP,EQ,INE102D01028,532424,GODREJCP.NS
Godrej Industries Ltd.,Fast Moving Consumer Goods,GODREJIND,EQ,INE233A01035,500164,GODREJIND.NS
Godrej Properties Ltd.,Realty,GODREJPROP,EQ,INE484J01027,533150,GODREJPROP.NS
Granules India Ltd.,Healthcare,GRANULES,EQ,INE101D01020,532482,GRANULES.NS
Graphite India Ltd.,Capital Goods,GRAPHITE,EQ,INE371A01025,509488,GRAPHITE.NS
Grasim Industries Ltd.,Construction Materials,GRASIM,EQ,INE047A01021,500300,GRASIM.NS
Great Eastern Shipping Co. Ltd.,Services,GESHIP,EQ,INE017A01032,500620,GESHIP.NS
Grindwell Norton Ltd.,Capital Goods,GRINDWELL,EQ,INE536A01023,506076,GRINDWELL.NS
Gujarat Alkalies & Chemicals Ltd.,Chemicals,GUJALKALI,EQ,INE186A01019,530001,GUJALKALI.NS
Gujarat Ambuja Exports Ltd.,Fast Moving Consumer Goods,GAEL,EQ,INE036B01030,524226,GAEL.NS
Gujarat Fluorochemicals Ltd.,Chemicals,FLUOROCHEM,BE,INE09N301011,542812,FLUOROCHEM.NS
Gujarat Gas Ltd.,Oil Gas & Consumable Fuels,GUJGASLTD,EQ,INE844O01030,539336,GUJGASLTD.NS
Gujarat Narmada Valley Fertilizers and Chemicals Ltd.,Chemicals,GNFC,EQ,INE113A01013,500670,GNFC.NS
Gujarat Pipavav Port Ltd.,Services,GPPL,EQ,INE517F01014,533248,GPPL.NS
Gujarat State Fertilizers & Chemicals Ltd.,Chemicals,GSFC,EQ,INE026A01025,500690,GSFC.NS
Gujarat State Petronet Ltd.,Oil Gas & Consumable Fuels,GSPL,EQ,INE246F01010,532702,GSPL.NS
H.E.G. Ltd.,Capital Goods,HEG,EQ,INE545A01016,509631,HEG.NS
HCL Technologies Ltd.,Information Technology,HCLTECH,EQ,INE860A01027,532281,HCLTECH.NS
HDFC Asset Management Company Ltd.,Financial Services,HDFCAMC,EQ,INE127D01025,541729,HDFCAMC.NS
HDFC Bank Ltd.,Financial Services,HDFCBANK,EQ,INE040A01034,500180,HDFCBANK.NS
HDFC Life Insurance Company Ltd.,Financial Services,HDFCLIFE,EQ,INE795G01014,540777,HDFCLIFE.NS
HFCL Ltd.,Telecommunication,HFCL,EQ,INE548A01028,500183,HFCL.NS
HLE Glascoat Ltd.,Capital Goods,HLEGLAS,EQ,INE461D01010,522215,HLEGLAS.NS
Happiest Minds Technologies Ltd.,Information Technology,HAPPSTMNDS,EQ,INE419U01012,543227,HAPPSTMNDS.NS
Hathway Cable & Datacom Ltd.,Media Entertainment & Publication,HATHWAY,EQ,INE982F01036,533162,HATHWAY.NS
Hatsun Agro Product Ltd.,Fast Moving Consumer Goods,HATSUN,EQ,INE473B01035,531531,HATSUN.NS
Havells India Ltd.,Consumer Durables,HAVELLS,EQ,INE176B01034,517354,HAVELLS.NS
Hemisphere Properties India Ltd.,Realty,HEMIPROP,EQ,INE0AJG01018,543242,HEMIPROP.NS
Hero MotoCorp Ltd.,Automobile and Auto Components,HEROMOTOCO,EQ,INE158A01026,500182,HEROMOTOCO.NS
Hikal Ltd.,Healthcare,HIKAL,EQ,INE475B01022,524735,HIKAL.NS
Hindalco Industries Ltd.,Metals & Mining,HINDALCO,EQ,INE038A01020,500440,HINDALCO.NS
Hinduja Global Solutions Ltd.,Services,HGS,EQ,INE170I01016,532859,HGS.NS
Hindustan Aeronautics Ltd.,Capital Goods,HAL,EQ,INE066F01012,541154,HAL.NS
Hindustan Copper Ltd.,Metals & Mining,HINDCOPPER,EQ,INE531E01026,513599,HINDCOPPER.NS
Hindustan Petroleum Corporation Ltd.,Oil Gas & Consumable Fuels,HINDPETRO,EQ,INE094A01015,500104,HINDPETRO.NS
Hindustan Unilever Ltd.,Fast Moving Consumer Goods,HINDUNILVR,EQ,INE030A01027,500696,HINDUNILVR.NS
Hindustan Zinc Ltd.,Metals & Mining,HINDZINC,EQ,INE267A01025,500188,HINDZINC.NS
Hitachi Energy India Ltd.,Capital Goods,POWERINDIA,EQ,INE07Y701011,543187,POWERINDIA.NS
Home First Finance Company India Ltd.,Financial Services,HOMEFIRST,EQ,INE481N01025,543259,HOMEFIRST.NS
Honeywell Automation India Ltd.,Capital Goods,HONAUT,EQ,INE671A01010,517174,HONAUT.NS
Housing & Urban Development Corporation Ltd.,Financial Services,HUDCO,EQ,INE031A01017,540530,HUDCO.NS
Housing Development Finance Corporation Ltd.,Financial Services,HDFC,EQ,INE001A01036,500010,HDFC.NS
ICICI Bank Ltd.,Financial Services,ICICIBANK,EQ,INE090A01021,532174,ICICIBANK.NS
ICICI Lombard General Insurance Company Ltd.,Financial Services,ICICIGI,EQ,INE765G01017,540716,ICICIGI.NS
ICICI Prudential Life Insurance Company Ltd.,Financial Services,ICICIPRULI,EQ,INE726G01019,540133,ICICIPRULI.NS
ICICI Securities Ltd.,Financial Services,ISEC,EQ,INE763G01038,541179,ISEC.NS
IDBI Bank Ltd.,Financial Services,IDBI,EQ,INE008A01015,500116,IDBI.NS
IDFC First Bank Ltd.,Financial Services,IDFCFIRSTB,EQ,INE092T01019,539437,IDFCFIRSTB.NS
IDFC Ltd.,Financial Services,IDFC,EQ,INE043D01016,532659,IDFC.NS
IFB Industries Ltd.,Consumer Durables,IFBIND,EQ,INE559A01017,505726,IFBIND.NS
IIFL Finance Ltd.,Financial Services,IIFL,EQ,INE530B01024,532636,IIFL.NS
IIFL Wealth Management Ltd.,Financial Services,IIFLWAM,EQ,INE466L01020,542772,IIFLWAM.NS
IRB Infrastructure Developers Ltd.,Construction,IRB,EQ,INE821I01014,532947,IRB.NS
IRCON International Ltd.,Construction,IRCON,EQ,INE962Y01021,541956,IRCON.NS
ITC Ltd.,Fast Moving Consumer Goods,ITC,EQ,INE154A01025,500875,ITC.NS
ITI Ltd.,Telecommunication,ITI,EQ,INE248A01017,523610,ITI.NS
India Cements Ltd.,Construction Materials,INDIACEM,EQ,INE383A01012,530005,INDIACEM.NS
Indiabulls Housing Finance Ltd.,Financial Services,IBULHSGFIN,EQ,INE148I01020,535789,IBULHSGFIN.NS
Indiabulls Real Estate Ltd.,Realty,IBREALEST,EQ,INE069I01010,532832,IBREALEST.NS
Indiamart Intermesh Ltd.,Consumer Services,INDIAMART,EQ,INE933S01016,542726,INDIAMART.NS
Indian Bank,Financial Services,INDIANB,EQ,INE562A01011,532814,INDIANB.NS
Indian Energy Exchange Ltd.,Financial Services,IEX,EQ,INE022Q01020,540750,IEX.NS
Indian Hotels Co. Ltd.,Consumer Services,INDHOTEL,EQ,INE053A01029,500850,INDHOTEL.NS
Indian Oil Corporation Ltd.,Oil Gas & Consumable Fuels,IOC,EQ,INE242A01010,530965,IOC.NS
Indian Overseas Bank,Financial Services,IOB,EQ,INE565A01014,532388,IOB.NS
Indian Railway Catering And Tourism Corporation Ltd.,Consumer Services,IRCTC,EQ,INE335Y01020,542830,IRCTC.NS
Indian Railway Finance Corporation Ltd.,Financial Services,IRFC,EQ,INE053F01010,543257,IRFC.NS
Indigo Paints Ltd.,Consumer Durables,INDIGOPNTS,EQ,INE09VQ01012,543258,INDIGOPNTS.NS
Indo Count Industries Ltd.,Textiles,ICIL,EQ,INE483B01026,521016,ICIL.NS
Indoco Remedies Ltd.,Healthcare,INDOCO,EQ,INE873D01024,532612,INDOCO.NS
Indraprastha Gas Ltd.,Oil Gas & Consumable Fuels,IGL,EQ,INE203G01027,532514,IGL.NS
Indus Towers Ltd.,Telecommunication,INDUSTOWER,EQ,INE121J01017,534816,INDUSTOWER.NS
IndusInd Bank Ltd.,Financial Services,INDUSINDBK,EQ,INE095A01012,532187,INDUSINDBK.NS
Infibeam Avenues Ltd.,Information Technology,INFIBEAM,EQ,INE483S01020,539807,INFIBEAM.NS
Info Edge (India) Ltd.,Consumer Services,NAUKRI,EQ,INE663F01024,532777,NAUKRI.NS
Infosys Ltd.,Information Technology,INFY,EQ,INE009A01021,500209,INFY.NS
Inox Leisure Ltd.,Media Entertainment & Publication,INOXLEISUR,EQ,INE312H01016,532706,INOXLEISUR.NS
Intellect Design Arena Ltd.,Information Technology,INTELLECT,EQ,INE306R01017,538835,INTELLECT.NS
InterGlobe Aviation Ltd.,Services,INDIGO,EQ,INE646L01027,539448,INDIGO.NS
Ipca Laboratories Ltd.,Healthcare,IPCALAB,EQ,INE571A01038,524494,IPCALAB.NS
J.B. Chemicals & Pharmaceuticals Ltd.,Healthcare,JBCHEPHARM,EQ,INE572A01028,506943,JBCHEPHARM.NS
J.K. Cement Ltd.,Construction Materials,JKCEMENT,EQ,INE823G01014,532644,JKCEMENT.NS
JK Lakshmi Cement Ltd.,Construction Materials,JKLAKSHMI,EQ,INE786A01032,500380,JKLAKSHMI.NS
JK Paper Ltd.,Forest Materials,JKPAPER,EQ,INE789E01012,532162,JKPAPER.NS
JM Financial Ltd.,Financial Services,JMFINANCIL,EQ,INE780C01023,523405,JMFINANCIL.NS
JSW Energy Ltd.,Power,JSWENERGY,EQ,INE121E01018,533148,JSWENERGY.NS
JSW Steel Ltd.,Metals & Mining,JSWSTEEL,EQ,INE019A01038,500228,JSWSTEEL.NS
Jamna Auto Industries Ltd.,Automobile and Auto Components,JAMNAAUTO,EQ,INE039C01032,520051,JAMNAAUTO.NS
Jindal Stainless (Hisar) Ltd.,Capital Goods,JSLHISAR,EQ,INE455T01018,539597,JSLHISAR.NS
Jindal Stainless Ltd.,Metals & Mining,JSL,EQ,INE220G01021,532508,JSL.NS
Jindal Steel & Power Ltd.,Metals & Mining,JINDALSTEL,EQ,INE749A01030,532286,JINDALSTEL.NS
Jubilant Foodworks Ltd.,Consumer Services,JUBLFOOD,EQ,INE797F01020,533155,JUBLFOOD.NS
Jubilant Ingrevia Ltd.,Chemicals,JUBLINGREA,EQ,INE0BY001018,543271,JUBLINGREA.NS
Jubilant Pharmova Ltd.,Healthcare,JUBLPHARMA,EQ,INE700A01033,530019,JUBLPHARMA.NS
Justdial Ltd.,Consumer Services,JUSTDIAL,EQ,INE599M01018,535648,JUSTDIAL.NS
Jyothy Labs Ltd.,Fast Moving Consumer Goods,JYOTHYLAB,EQ,INE668F01031,532926,JYOTHYLAB.NS
K.P.R. Mill Ltd.,Textiles,KPRMILL,EQ,INE930H01031,532889,KPRMILL.NS
KEI Industries Ltd.,Capital Goods,KEI,EQ,INE878B01027,517569,KEI.NS
KNR Constructions Ltd.,Construction,KNRCON,EQ,INE634I01029,532942,KNRCON.NS
KPIT Technologies Ltd.,Information Technology,KPITTECH,EQ,INE04I401011,542651,KPITTECH.NS
KRBL Ltd.,Fast Moving Consumer Goods,KRBL,EQ,INE001B01026,530813,KRBL.NS
Kajaria Ceramics Ltd.,Consumer Durables,KAJARIACER,EQ,INE217B01036,500233,KAJARIACER.NS
Kalpataru Power Transmission Ltd.,Construction,KALPATPOWR,EQ,INE220B01022,522287,KALPATPOWR.NS
Kalyan Jewellers India Ltd.,Consumer Durables,KALYANKJIL,EQ,INE303R01014,543278,KALYANKJIL.NS
Kansai Nerolac Paints Ltd.,Consumer Durables,KANSAINER,EQ,INE531A01024,500165,KANSAINER.NS
Karur Vysya Bank Ltd.,Financial Services,KARURVYSYA,EQ,INE036D01028,590003,KARURVYSYA.NS
Kec International Ltd.,Capital Goods,KEC,EQ,INE389H01022,532714,KEC.NS
Kotak Mahindra Bank Ltd.,Financial Services,KOTAKBANK,EQ,INE237A01028,500247,KOTAKBANK.NS
Krishna Institute of Medical Sciences Ltd.,Healthcare,KIMS,EQ,INE967H01017,543308,KIMS.NS
L&T Finance Holdings Ltd.,Financial Services,L&TFH,EQ,INE498L01015,533519,L&TFH.NS
L&T Technology Services Ltd.,Information Technology,LTTS,EQ,INE010V01017,540115,LTTS.NS
LIC Housing Finance Ltd.,Financial Services,LICHSGFIN,EQ,INE115A01026,500253,LICHSGFIN.NS
Lakshmi Machine Works Ltd.,Capital Goods,LAXMIMACH,EQ,INE269B01029,500252,LAXMIMACH.NS
Larsen & Toubro Infotech Ltd.,Information Technology,LTI,EQ,INE214T01019,540005,LTI.NS
Larsen & Toubro Ltd.,Construction,LT,EQ,INE018A01030,500510,LT.NS
Latent View Analytics Ltd.,Information Technology,LATENTVIEW,EQ,INE0I7C01011,543398,LATENTVIEW.NS
Laurus Labs Ltd.,Healthcare,LAURUSLABS,EQ,INE947Q01028,540222,LAURUSLABS.NS
Laxmi Organic Industries Ltd.,Chemicals,LXCHEM,EQ,INE576O01020,543277,LXCHEM.NS
Linde India Ltd.,Chemicals,LINDEINDIA,EQ,INE473A01011,523457,LINDEINDIA.NS
Lupin Ltd.,Healthcare,LUPIN,EQ,INE326A01037,500257,LUPIN.NS
Lux Industries Ltd.,Textiles,LUXIND,EQ,INE150G01020,539542,LUXIND.NS
MMTC Ltd.,Services,MMTC,EQ,INE123F01029,513377,MMTC.NS
MOIL Ltd.,Metals & Mining,MOIL,EQ,INE490G01020,533286,MOIL.NS
MRF Ltd.,Automobile and Auto Components,MRF,EQ,INE883A01011,500290,MRF.NS
MTAR Technologies Ltd.,Capital Goods,MTARTECH,EQ,INE864I01014,543270,MTARTECH.NS
Macrotech Developers Ltd.,Realty,LODHA,EQ,INE670K01029,543287,LODHA.NS
Mahanagar Gas Ltd.,Oil Gas & Consumable Fuels,MGL,EQ,INE002S01010,539957,MGL.NS
Mahindra & Mahindra Financial Services Ltd.,Financial Services,M&MFIN,EQ,INE774D01024,532720,M&MFIN.NS
Mahindra & Mahindra Ltd.,Automobile and Auto Components,M&M,EQ,INE101A01026,500520,M&M.NS
Mahindra CIE Automotive Ltd.,Automobile and Auto Components,MAHINDCIE,EQ,INE536H01010,532756,MAHINDCIE.NS
Mahindra Holidays & Resorts India Ltd.,Consumer Services,MHRIL,EQ,INE998I01010,533088,MHRIL.NS
Mahindra Logistics Ltd.,Services,MAHLOG,EQ,INE766P01016,540768,MAHLOG.NS
Manappuram Finance Ltd.,Financial Services,MANAPPURAM,EQ,INE522D01027,531213,MANAPPURAM.NS
Mangalore Refinery & Petrochemicals Ltd.,Oil Gas & Consumable Fuels,MRPL,EQ,INE103A01014,500109,MRPL.NS
Marico Ltd.,Fast Moving Consumer Goods,MARICO,EQ,INE196A01026,531642,MARICO.NS
Maruti Suzuki India Ltd.,Automobile and Auto Components,MARUTI,EQ,INE585B01010,532500,MARUTI.NS
Mastek Ltd.,Information Technology,MASTEK,EQ,INE759A01021,523704,MASTEK.NS
Max Financial Services Ltd.,Financial Services,MFSL,EQ,INE180A01020,500271,MFSL.NS
Max Healthcare Institute Ltd.,Healthcare,MAXHEALTH,EQ,INE027H01010,543220,MAXHEALTH.NS
Mazagoan Dock Shipbuilders Ltd.,Capital Goods,MAZDOCK,EQ,INE249Z01012,543237,MAZDOCK.NS
Medplus Health Services Ltd.,Consumer Services,MEDPLUS,EQ,INE804L01022,543427,MEDPLUS.NS
Metro Brands Ltd.,Consumer Durables,METROBRAND,EQ,INE317I01021,543426,METROBRAND.NS
Metropolis Healthcare Ltd.,Healthcare,METROPOLIS,EQ,INE112L01020,542650,METROPOLIS.NS
MindTree Ltd.,Information Technology,MINDTREE,EQ,INE018I01017,532819,MINDTREE.NS
Minda Industries Ltd.,Automobile and Auto Components,MINDAIND,EQ,INE405E01023,532539,MINDAIND.NS
Motilal Oswal Financial Services Ltd.,Financial Services,MOTILALOFS,EQ,INE338I01027,532892,MOTILALOFS.NS
MphasiS Ltd.,Information Technology,MPHASIS,EQ,INE356A01018,526299,MPHASIS.NS
Multi Commodity Exchange of India Ltd.,Financial Services,MCX,EQ,INE745G01035,534091,MCX.NS
Muthoot Finance Ltd.,Financial Services,MUTHOOTFIN,EQ,INE414G01012,533398,MUTHOOTFIN.NS
NATCO Pharma Ltd.,Healthcare,NATCOPHARM,EQ,INE987B01026,524816,NATCOPHARM.NS
NBCC (India) Ltd.,Construction,NBCC,EQ,INE095N01031,534309,NBCC.NS
NCC Ltd.,Construction,NCC,EQ,INE868B01028,500294,NCC.NS
NESCO Ltd.,Services,NESCO,EQ,INE317F01035,505355,NESCO.NS
NHPC Ltd.,Power,NHPC,EQ,INE848E01016,533098,NHPC.NS
NLC India Ltd.,Power,NLCINDIA,EQ,INE589A01014,513683,NLCINDIA.NS
NMDC Ltd.,Metals & Mining,NMDC,EQ,INE584A01023,526371,NMDC.NS
NOCIL Ltd.,Chemicals,NOCIL,EQ,INE163A01018,500730,NOCIL.NS
NTPC Ltd.,Power,NTPC,EQ,INE733E01010,532555,NTPC.NS
Narayana Hrudayalaya Ltd.,Healthcare,NH,EQ,INE410P01011,539551,NH.NS
National Aluminium Co. Ltd.,Metals & Mining,NATIONALUM,EQ,INE139A01034,532234,NATIONALUM.NS
Navin Fluorine International Ltd.,Chemicals,NAVINFLUOR,EQ,INE048G01026,532504,NAVINFLUOR.NS
Nazara Technologies Ltd.,Media Entertainment & Publication,NAZARA,EQ,INE418L01021,543280,NAZARA.NS
Nestle India Ltd.,Fast Moving Consumer Goods,NESTLEIND,EQ,INE239A01016,500790,NESTLEIND.NS
Network18 Media & Investments Ltd.,Media Entertainment & Publication,NETWORK18,EQ,INE870H01013,532798,NETWORK18.NS
Nippon Life India Asset Management Ltd.,Financial Services,NAM-INDIA,EQ,INE298J01013,540767,NAM-INDIA.NS
Nuvoco Vistas Corporation Ltd.,Construction Materials,NUVOCO,EQ,INE118D01016,543334,NUVOCO.NS
Oberoi Realty Ltd.,Realty,OBEROIRLTY,EQ,INE093I01010,533273,OBEROIRLTY.NS
Oil & Natural Gas Corporation Ltd.,Oil Gas & Consumable Fuels,ONGC,EQ,INE213A01029,500312,ONGC.NS
Oil India Ltd.,Oil Gas & Consumable Fuels,OIL,EQ,INE274J01014,533106,OIL.NS
One 97 Communications Ltd.,Financial Services,PAYTM,EQ,INE982J01020,543396,PAYTM.NS
Oracle Financial Services Software Ltd.,Information Technology,OFSS,EQ,INE881D01027,532466,OFSS.NS
Orient Electric Ltd.,Consumer Durables,ORIENTELEC,EQ,INE142Z01019,541301,ORIENTELEC.NS
PB Fintech Ltd.,Financial Services,POLICYBZR,EQ,INE417T01026,543390,POLICYBZR.NS
PCBL Ltd.,Chemicals,PCBL,EQ,INE602A01031,506590,PCBL.NS
PI Industries Ltd.,Chemicals,PIIND,EQ,INE603J01030,523642,PIIND.NS
PNB Housing Finance Ltd.,Financial Services,PNBHOUSING,EQ,INE572E01012,540173,PNBHOUSING.NS
PNC Infratech Ltd.,Construction,PNCINFRA,EQ,INE195J01029,539150,PNCINFRA.NS
PVR Ltd.,Media Entertainment & Publication,PVR,EQ,INE191H01014,532689,PVR.NS
Page Industries Ltd.,Textiles,PAGEIND,EQ,INE761H01022,532827,PAGEIND.NS
Persistent Systems Ltd.,Information Technology,PERSISTENT,EQ,INE262H01013,533179,PERSISTENT.NS
Petronet LNG Ltd.,Oil Gas & Consumable Fuels,PETRONET,EQ,INE347G01014,532522,PETRONET.NS
Pfizer Ltd.,Healthcare,PFIZER,EQ,INE182A01018,500680,PFIZER.NS
Phoenix Mills Ltd.,Realty,PHOENIXLTD,EQ,INE211B01039,503100,PHOENIXLTD.NS
Pidilite Industries Ltd.,Chemicals,PIDILITIND,EQ,INE318A01026,500331,PIDILITIND.NS
Piramal Enterprises Ltd.,Financial Services,PEL,EQ,INE140A01024,500302,PEL.NS
Poly Medicure Ltd.,Healthcare,POLYMED,EQ,INE205C01021,531768,POLYMED.NS
Polycab India Ltd.,Capital Goods,POLYCAB,EQ,INE455K01017,542652,POLYCAB.NS
Polyplex Corporation Ltd.,Capital Goods,POLYPLEX,EQ,INE633B01018,524051,POLYPLEX.NS
Poonawalla Fincorp Ltd.,Financial Services,POONAWALLA,EQ,INE511C01022,524000,POONAWALLA.NS
Power Finance Corporation Ltd.,Financial Services,PFC,EQ,INE134E01011,532810,PFC.NS
Power Grid Corporation of India Ltd.,Power,POWERGRID,EQ,INE752E01010,532898,POWERGRID.NS
Praj Industries Ltd.,Capital Goods,PRAJIND,EQ,INE074A01025,522205,PRAJIND.NS
Prestige Estates Projects Ltd.,Realty,PRESTIGE,EQ,INE811K01011,533274,PRESTIGE.NS
Prince Pipes and Fittings Ltd.,Capital Goods,PRINCEPIPE,EQ,INE689W01016,542907,PRINCEPIPE.NS
Prism Johnson Ltd.,Construction Materials,PRSMJOHNSN,EQ,INE010A01011,500338,PRSMJOHNSN.NS
Privi Speciality Chemicals Ltd.,Chemicals,PRIVISCL,EQ,INE959A01019,530117,PRIVISCL.NS
Procter & Gamble Health Ltd.,Healthcare,PGHL,EQ,INE199A01012,500126,PGHL.NS
Procter & Gamble Hygiene & Health Care Ltd.,Fast Moving Consumer Goods,PGHH,EQ,INE179A01014,500459,PGHH.NS
Punjab National Bank,Financial Services,PNB,EQ,INE160A01022,532461,PNB.NS
Quess Corp Ltd.,Services,QUESS,EQ,INE615P01015,539978,QUESS.NS
RBL Bank Ltd.,Financial Services,RBLBANK,EQ,INE976G01028,540065,RBLBANK.NS
REC Ltd.,Financial Services,RECLTD,EQ,INE020B01018,532955,RECLTD.NS
RHI MAGNESITA INDIA LTD.,Capital Goods,RHIM,EQ,INE743M01012,534076,RHIM.NS
RITES Ltd.,Construction,RITES,EQ,INE320J01015,541556,RITES.NS
Radico Khaitan Ltd,Fast Moving Consumer Goods,RADICO,EQ,INE944F01028,532497,RADICO.NS
Rail Vikas Nigam Ltd.,Construction,RVNL,EQ,INE415G01027,542649,RVNL.NS
Railtel Corporation Of India Ltd.,Telecommunication,RAILTEL,EQ,INE0DD101019,543265,RAILTEL.NS
Rain Industries Ltd,Chemicals,RAIN,EQ,INE855B01025,500339,RAIN.NS
Rajesh Exports Ltd.,Consumer Durables,RAJESHEXPO,EQ,INE343B01030,531500,RAJESHEXPO.NS
Rallis India Ltd.,Chemicals,RALLIS,EQ,INE613A01020,500355,RALLIS.NS
Rashtriya Chemicals & Fertilizers Ltd.,Chemicals,RCF,EQ,INE027A01015,524230,RCF.NS
Ratnamani Metals & Tubes Ltd.,Capital Goods,RATNAMANI,EQ,INE703B01027,520111,RATNAMANI.NS
RattanIndia Enterprises Ltd.,Services,RTNINDIA,EQ,INE834M01019,534597,RTNINDIA.NS
Redington (India) Ltd.,Services,REDINGTON,EQ,INE891D01026,532805,REDINGTON.NS
Relaxo Footwears Ltd.,Consumer Durables,RELAXO,EQ,INE131B01039,530517,RELAXO.NS
Reliance Industries Ltd.,Oil Gas & Consumable Fuels,RELIANCE,EQ,INE002A01018,500325,RELIANCE.NS
Restaurant Brands Asia Ltd.,Consumer Services,RBA,EQ,INE07T201019,543248,RBA.NS
Rossari Biotech Ltd.,Chemicals,ROSSARI,EQ,INE02A801020,543213,ROSSARI.NS
Route Mobile Ltd.,Telecommunication,ROUTE,EQ,INE450U01017,543228,ROUTE.NS
SBI Cards and Payment Services Ltd.,Financial Services,SBICARD,EQ,INE018E01016,543066,SBICARD.NS
SBI Life Insurance Company Ltd.,Financial Services,SBILIFE,EQ,INE123W01016,540719,SBILIFE.NS
SIS Ltd.,Services,SIS,EQ,INE285J01028,540673,SIS.NS
SJVN Ltd.,Power,SJVN,EQ,INE002L01015,533206,SJVN.NS
SKF India Ltd.,Capital Goods,SKFINDIA,EQ,INE640A01023,500472,SKFINDIA.NS
SRF Ltd.,Chemicals,SRF,EQ,INE647A01010,503806,SRF.NS
Sanofi India Ltd.,Healthcare,SANOFI,EQ,INE058A01010,500674,SANOFI.NS
Sapphire Foods India Ltd.,Consumer Services,SAPPHIRE,EQ,INE806T01012,543397,SAPPHIRE.NS
Saregama India Ltd,Media Entertainment & Publication,SAREGAMA,EQ,INE979A01017,532163,SAREGAMA.NS
Schaeffler India Ltd.,Automobile and Auto Components,SCHAEFFLER,EQ,INE513A01022,505790,SCHAEFFLER.NS
Sequent Scientific Ltd.,Healthcare,SEQUENT,EQ,INE807F01027,512529,SEQUENT.NS
Sheela Foam Ltd.,Consumer Durables,SFL,EQ,INE916U01025,540203,SFL.NS
Shilpa Medicare Ltd.,Healthcare,SHILPAMED,EQ,INE790G01031,530549,SHILPAMED.NS
Shipping Corporation of India Ltd.,Services,SCI,EQ,INE109A01011,523598,SCI.NS
Shree Cement Ltd.,Construction Materials,SHREECEM,EQ,INE070A01015,500387,SHREECEM.NS
Shree Renuka Sugars Ltd.,Fast Moving Consumer Goods,RENUKA,EQ,INE087H01022,532670,RENUKA.NS
Shriram City Union Finance Ltd.,Financial Services,SHRIRAMCIT,EQ,INE722A01011,532498,SHRIRAMCIT.NS
Shriram Transport Finance Co. Ltd.,Financial Services,SRTRANSFIN,EQ,INE721A01013,511218,SRTRANSFIN.NS
Shyam Metalics and Energy Ltd.,Metals & Mining,SHYAMMETL,EQ,INE810G01011,543299,SHYAMMETL.NS
Siemens Ltd.,Capital Goods,SIEMENS,EQ,INE003A01024,500550,SIEMENS.NS
Sobha Ltd.,Realty,SOBHA,EQ,INE671H01015,532784,SOBHA.NS
Solar Industries India Ltd.,Chemicals,SOLARINDS,EQ,INE343H01029,532725,SOLARINDS.NS
Solara Active Pharma Sciences Ltd.,Healthcare,SOLARA,EQ,INE624Z01016,541540,SOLARA.NS
Sona BLW Precision Forgings Ltd.,Automobile and Auto Components,SONACOMS,EQ,INE073K01018,543300,SONACOMS.NS
Sonata Software Ltd.,Information Technology,SONATSOFTW,EQ,INE269A01021,532221,SONATSOFTW.NS
Spicejet Ltd.,Services,SPICEJET,EQ,INE285B01017,500285,SPICEJET.NS
Star Health and Allied Insurance Company Ltd.,Financial Services,STARHEALTH,EQ,INE575P01011,543412,STARHEALTH.NS
State Bank of India,Financial Services,SBIN,EQ,INE062A01020,500112,SBIN.NS
Steel Authority of India Ltd.,Metals & Mining,SAIL,EQ,INE114A01011,500113,SAIL.NS
Sterling and Wilson Renewable Energy Ltd.,Construction,SWSOLAR,EQ,INE00M201021,542760,SWSOLAR.NS
Sterlite Technologies Ltd.,Telecommunication,STLTECH,EQ,INE089C01029,532374,STLTECH.NS
Strides Pharma Science Ltd.,Healthcare,STAR,EQ,INE939A01011,532531,STAR.NS
Sudarshan Chemical Industries Ltd.,Chemicals,SUDARSCHEM,EQ,INE659A01023,506655,SUDARSCHEM.NS
Sumitomo Chemical India Ltd.,Chemicals,SUMICHEM,EQ,INE258G01013,542920,SUMICHEM.NS
Sun Pharma Advanced Research Company Ltd.,Healthcare,SPARC,EQ,INE232I01014,532872,SPARC.NS
Sun Pharmaceutical Industries Ltd.,Healthcare,SUNPHARMA,EQ,INE044A01036,524715,SUNPHARMA.NS
Sun TV Network Ltd.,Media Entertainment & Publication,SUNTV,EQ,INE424H01027,532733,SUNTV.NS
Sundaram Finance Ltd.,Financial Services,SUNDARMFIN,EQ,INE660A01013,590071,SUNDARMFIN.NS
Sundram Fasteners Ltd.,Automobile and Auto Components,SUNDRMFAST,EQ,INE387A01021,500403,SUNDRMFAST.NS
Sunteck Realty Ltd.,Realty,SUNTECK,EQ,INE805D01034,512179,SUNTECK.NS
Suprajit Engineering Ltd.,Automobile and Auto Components,SUPRAJIT,EQ,INE399C01030,532509,SUPRAJIT.NS
Supreme Industries Ltd.,Capital Goods,SUPREMEIND,EQ,INE195A01028,509930,SUPREMEIND.NS
Suven Pharmaceuticals Ltd.,Healthcare,SUVENPHAR,EQ,INE03QK01018,543064,SUVENPHAR.NS
Suzlon Energy Ltd.,Capital Goods,SUZLON,EQ,INE040H01021,532667,SUZLON.NS
Symphony Ltd.,Consumer Durables,SYMPHONY,EQ,INE225D01027,517385,SYMPHONY.NS
Syngene International Ltd.,Healthcare,SYNGENE,EQ,INE398R01022,539268,SYNGENE.NS
TCI Express Ltd.,Services,TCIEXP,EQ,INE586V01016,540212,TCIEXP.NS
TCNS Clothing Co. Ltd.,Textiles,TCNSBRANDS,EQ,INE778U01029,541700,TCNSBRANDS.NS
TTK Prestige Ltd.,Consumer Durables,TTKPRESTIG,EQ,INE690A01028,517506,TTKPRESTIG.NS
TV18 Broadcast Ltd.,Media Entertainment & Publication,TV18BRDCST,EQ,INE886H01027,532800,TV18BRDCST.NS
TVS Motor Company Ltd.,Automobile and Auto Components,TVSMOTOR,EQ,INE494B01023,532343,TVSMOTOR.NS
Tanla Platforms Ltd.,Information Technology,TANLA,EQ,INE483C01032,532790,TANLA.NS
Tata Chemicals Ltd.,Chemicals,TATACHEM,EQ,INE092A01019,500770,TATACHEM.NS
Tata Coffee Ltd.,Fast Moving Consumer Goods,TATACOFFEE,EQ,INE493A01027,532301,TATACOFFEE.NS
Tata Communications Ltd.,Telecommunication,TATACOMM,EQ,INE151A01013,500483,TATACOMM.NS
Tata Consultancy Services Ltd.,Information Technology,TCS,EQ,INE467B01029,532540,TCS.NS
Tata Consumer Products Ltd.,Fast Moving Consumer Goods,TATACONSUM,EQ,INE192A01025,500800,TATACONSUM.NS
Tata Elxsi Ltd.,Information Technology,TATAELXSI,EQ,INE670A01012,500408,TATAELXSI.NS
Tata Investment Corporation Ltd.,Financial Services,TATAINVEST,EQ,INE672A01018,501301,TATAINVEST.NS
Tata Motors Ltd DVR,Automobile and Auto Components,TATAMTRDVR,EQ,IN9155A01020,570001,TATAMTRDVR.NS
Tata Motors Ltd.,Automobile and Auto Components,TATAMOTORS,EQ,INE155A01022,500570,TATAMOTORS.NS
Tata Power Co. Ltd.,Power,TATAPOWER,EQ,INE245A01021,500400,TATAPOWER.NS
Tata Steel Long Products Ltd.,Capital Goods,TATASTLLP,EQ,INE674A01014,513010,TATASTLLP.NS
Tata Steel Ltd.,Metals & Mining,TATASTEEL,EQ,INE081A01012,500470,TATASTEEL.NS
Tata Teleservices (Maharashtra) Ltd.,Telecommunication,TTML,EQ,INE517B01013,532371,TTML.NS
Teamlease Services Ltd.,Services,TEAMLEASE,EQ,INE985S01024,539658,TEAMLEASE.NS
Tech Mahindra Ltd.,Information Technology,TECHM,EQ,INE669C01036,532755,TECHM.NS
The New India Assurance Company Ltd.,Financial Services,NIACL,EQ,INE470Y01017,540769,NIACL.NS
The Ramco Cements Ltd.,Construction Materials,RAMCOCEM,EQ,INE331A01037,500260,RAMCOCEM.NS
Thermax Ltd.,Capital Goods,THERMAX,EQ,INE152A01029,500411,THERMAX.NS
Thyrocare Technologies Ltd.,Healthcare,THYROCARE,EQ,INE594H01019,539871,THYROCARE.NS
Timken India Ltd.,Capital Goods,TIMKEN,EQ,INE325A01013,522113,TIMKEN.NS
Titan Company Ltd.,Consumer Durables,TITAN,EQ,INE280A01028,500114,TITAN.NS
Torrent Pharmaceuticals Ltd.,Healthcare,TORNTPHARM,EQ,INE685A01028,500420,TORNTPHARM.NS
Torrent Power Ltd.,Power,TORNTPOWER,EQ,INE813H01021,532779,TORNTPOWER.NS
Trent Ltd.,Consumer Services,TRENT,EQ,INE849A01020,500251,TRENT.NS
Trident Ltd.,Textiles,TRIDENT,EQ,INE064C01022,521064,TRIDENT.NS
Triveni Turbine Ltd.,Capital Goods,TRITURBINE,EQ,INE152M01016,533655,TRITURBINE.NS
Tube Investments of India Ltd.,Automobile and Auto Components,TIINDIA,EQ,INE974X01010,540762,TIINDIA.NS
UCO Bank,Financial Services,UCOBANK,EQ,INE691A01018,532505,UCOBANK.NS
UFLEX Ltd.,Capital Goods,UFLEX,EQ,INE516A01017,500148,UFLEX.NS
UPL Ltd.,Chemicals,UPL,EQ,INE628A01036,512070,UPL.NS
UTI Asset Management Company Ltd.,Financial Services,UTIAMC,EQ,INE094J01016,543238,UTIAMC.NS
UltraTech Cement Ltd.,Construction Materials,ULTRACEMCO,EQ,INE481G01011,532538,ULTRACEMCO.NS
Union Bank of India,Financial Services,UNIONBANK,EQ,INE692A01016,532477,UNIONBANK.NS
United Breweries Ltd.,Fast Moving Consumer Goods,UBL,EQ,INE686F01025,532478,UBL.NS
United Spirits Ltd.,Fast Moving Consumer Goods,MCDOWELL-N,EQ,INE854D01024,532432,MCDOWELL-N.NS
V-Guard Industries Ltd.,Consumer Durables,VGUARD,EQ,INE951I01027,532953,VGUARD.NS
V-Mart Retail Ltd.,Consumer Services,VMART,EQ,INE665J01013,534976,VMART.NS
V.I.P. Industries Ltd.,Consumer Durables,VIPIND,EQ,INE054A01027,507880,VIPIND.NS
Vaibhav Global Ltd.,Consumer Services,VAIBHAVGBL,EQ,INE884A01027,532156,VAIBHAVGBL.NS
Vakrangee Ltd.,Information Technology,VAKRANGEE,EQ,INE051B01021,511431,VAKRANGEE.NS
Vardhman Textiles Ltd.,Textiles,VTL,EQ,INE825A01020,502986,VTL.NS
Varroc Engineering Ltd.,Automobile and Auto Components,VARROC,EQ,INE665L01035,541578,VARROC.NS
Varun Beverages Ltd.,Fast Moving Consumer Goods,VBL,EQ,INE200M01013,540180,VBL.NS
Vedanta Ltd.,Metals & Mining,VEDL,EQ,INE205A01025,500295,VEDL.NS
Venky's (India) Ltd.,Fast Moving Consumer Goods,VENKEYS,EQ,INE398A01010,523261,VENKEYS.NS
Vijaya Diagnostic Centre Ltd.,Healthcare,VIJAYA,EQ,INE043W01024,543350,VIJAYA.NS
Vinati Organics Ltd.,Chemicals,VINATIORGA,EQ,INE410B01037,524200,VINATIORGA.NS
Vodafone Idea Ltd.,Telecommunication,IDEA,EQ,INE669E01016,532822,IDEA.NS
Voltas Ltd.,Consumer Durables,VOLTAS,EQ,INE226A01021,500575,VOLTAS.NS
Welspun Corp Ltd.,Capital Goods,WELCORP,EQ,INE191B01025,532144,WELCORP.NS
Welspun India Ltd.,Textiles,WELSPUNIND,EQ,INE192B01031,514162,WELSPUNIND.NS
Westlife Development Ltd.,Consumer Services,WESTLIFE,EQ,INE274F01020,505533,WESTLIFE.NS
Whirlpool of India Ltd.,Consumer Durables,WHIRLPOOL,EQ,INE716A01013,500238,WHIRLPOOL.NS
Wipro Ltd.,Information Technology,WIPRO,EQ,INE075A01022,507685,WIPRO.NS
Wockhardt Ltd.,Healthcare,WOCKPHARMA,EQ,INE049B01025,532300,WOCKPHARMA.NS
Yes Bank Ltd.,Financial Services,YESBANK,EQ,INE528G01035,532648,YESBANK.NS
ZF Commercial Vehicle Control Systems India Ltd.,Automobile and Auto Components,ZFCVINDIA,EQ,INE342J01019,533023,ZFCVINDIA.NS
Zee Entertainment Enterprises Ltd.,Media Entertainment & Publication,ZEEL,EQ,INE256A01028,505537,ZEEL.NS
Zensar Technolgies Ltd.,Information Technology,ZENSARTECH,EQ,INE520A01027,504067,ZENSARTECH.NS
Zomato Ltd.,Consumer Services,ZOMATO,EQ,INE758T01015,543320,ZOMATO.NS
Zydus Lifesciences Ltd.,Healthcare,ZYDUSLIFE,EQ,INE010B01027,532321,ZYDUSLIFE.NS
Zydus Wellness Ltd.,Fast Moving Consumer Goods,ZYDUSWELL,EQ,INE768C01010,531335,ZYDUSWELL.NS
eClerx Services Ltd.,Services,ECLERX,EQ,INE738I01010,532927,ECLERX.NS